job_link,job_name,company_name,company_location,salary
https://in.indeed.com/rc/clk?jk=1e2f27a2772c483e&bb=QVn-V_YJXyTEz3eI6y0slvijvAIk8saDirxozM61q73hdQwxD4gbnADY9AJ9o9CPQ1jA1LSNv8BmS39nevYTuK8LVcijOdYEEE5Em3T30_IWmPAFGZv4bRl6TuiM4Gu2&xkcb=SoBC67M33aR7bMQAoR0LbzkdCdPP&fccid=9f06372573e23082&cmp=Hiscope-Technologies&ti=Software+Engineer&vjs=3,Software Engineer,Hiscope Technologies,"Remote in Hyderabad, Telangana",Not available
https://in.indeed.com/rc/clk?jk=ef7cd09e21647415&bb=QVn-V_YJXyTEz3eI6y0sluewIwzV9vmtuaP1BnGryJ0tj_WBEh_27OfgUjdbinX__H2brfetxYIs69MnBOWOIxt4CJmHe8a_pZ85ukShjotilOvCmrH_pifHfRMV8evN&xkcb=SoD267M33aR7bMQAoR0KbzkdCdPP&fccid=647cca1a56eb8e29&cmp=Aganitha-Cognitive-Solutions-Pvt-Ltd&ti=Web+Developer&vjs=3,Web Developer,Aganitha Cognitive Solutions Pvt Ltd,"Hyderabad, Telangana",Not available
https://in.indeed.com/rc/clk?jk=3b939d6559c76147&bb=QVn-V_YJXyTEz3eI6y0slpwiw13WbxRvMm4MRWqtMjsD8bo5-4Hz_cTibfxt3_msMY0c2j7nVC8INv-s8z2kPaZ-mPaJ1Bha6FUyBOxSEBtnFR_j_uhYb3V8tePOZ_Fl&xkcb=SoBr67M33aR7bMQAoR0JbzkdCdPP&fccid=ca3802d16d16daad&vjs=3,Software Developer - Intern (React Js Developer),Castus Info,"Hyderabad, Telangana",Not available
https://in.indeed.com/rc/clk?jk=a697cb123a9ddc13&bb=QVn-V_YJXyTEz3eI6y0sls2Uxtf-OA1hiWH1IQygXS-wFMUl3TrFVBYV1n4yKh5KGZn6pO-awVmp4D2rc2CkuhUK4D3vlA3qHTjwn0xRl_LYwgwX-wQq2A%3D%3D&xkcb=SoDf67M33aR7bMQAoR0IbzkdCdPP&fccid=d40ebe11fc879426&vjs=3,Engineer - Front End Engineer (FEE),Qualcomm,"Hyderabad, Telangana",Not available
https://in.indeed.com/rc/clk?jk=017e417c50c045c9&bb=QVn-V_YJXyTEz3eI6y0slglzNmpnhWNnAyplDZQJEW0JcEA3reFVFxozaweW3Aaml0Fy1qUINhYlKd3Pl33NjmJpo-Dq-khK3dmMKFyTOYCWhtX6Q8xHd2DWCj9_0lp7&xkcb=SoBR67M33aR7bMQAoR0PbzkdCdPP&fccid=ca3802d16d16daad&vjs=3,Software Developer - Intern (Python),Castus Info,"Hyderabad, Telangana",Not available
https://in.indeed.com/rc/clk?jk=d9a4c5d841304345&bb=QVn-V_YJXyTEz3eI6y0slqwkb0K_ISKjOzqaz9_abCO1uvRvqi0gk2S-1q6QvRwxtqHqRpYsYjqsyJiYcZeGU5_oVj1IHgQNbtPI_Q4i1Hg3RB9eTyGVKMBBJNc9ZFMW&xkcb=SoDl67M33aR7bMQAoR0ObzkdCdPP&fccid=b50885016c495d25&cmp=Purple-Drive-Technologies&ti=Java+Developer&vjs=3,Java Developer,Purple Drive Technologies,"Hyderabad, Telangana","₹3,09,773.08 - ₹6,75,037.21 a year"
https://in.indeed.com/rc/clk?jk=3c97330bb010c15f&bb=QVn-V_YJXyTEz3eI6y0sli7HrqFXllz8dCKl2We34NFZhsPcYFKLXdgcH6SSqDSJ5LcTrmf39jUU0tGqKvPLWm8ZWc2A8BnkW9H14gAl-xx9qzK_n0ncRI9ZADie_FqE&xkcb=SoB467M33aR7bMQAoR0NbzkdCdPP&fccid=bca588886f26d013&cmp=Valid8-India&ti=Wireless+Engineer&vjs=3,xG Wireless Software Engineer 4G/5G/6G,Valid8 India,"Nanakramguda, Hyderabad, Telangana",Not available
https://in.indeed.com/rc/clk?jk=b8f791386e9343ec&bb=QVn-V_YJXyTEz3eI6y0slmVGCGecoq2ouinl2e_TgyhH_CQl7DgZZlsqTGstKF90EKZlLhZfHLE8iKv93Sg3YIFnEnNm9R5nX0YCct94aKZ7snnKu9hqybvaMGtrY3tY&xkcb=SoDM67M33aR7bMQAoR0MbzkdCdPP&fccid=7248a9bc6e171e53&cmp=Siri-IT-Innovations-Pvt-Ltd&ti=Back+End+Developer&vjs=3,Backend Developer Intern,Siri IT Innovations pvt ltd,"Banjara Hills, Hyderabad, Telangana",Not available
https://in.indeed.com/rc/clk?jk=e6c2ee05462faf51&bb=QVn-V_YJXyTEz3eI6y0sliIiggTJWBkqyh7eJCIVWMB1NoMozxhmGT_3DLck0fjkKmYF2-zx0WtJSscMNqAeNm8C5ci35a3NA9Xxok-ojkkJoeDcqVHtqQ%3D%3D&xkcb=SoAl67M33aR7bMQAoR0DbzkdCdPP&fccid=d40ebe11fc879426&vjs=3,Staff Engineer - Front End Engineer (FEE),Qualcomm,"Hyderabad, Telangana",Not available
https://in.indeed.com/rc/clk?jk=a7d102f6620aa7c8&bb=QVn-V_YJXyTEz3eI6y0sls-p4HPIsX8VMdhHVGa6naxFXIpENfOSDsSi03LbHqJhG7mSqn8SQpL_ne0xSlgQ7uw5b3yasWUVW48W-DGqqVc9-DTR-Kfj4Jua-ynUEAt3&xkcb=SoCR67M33aR7bMQAoR0CbzkdCdPP&fccid=9857111136140044&cmp=Cliquelog-IT-Solutions-Pvt.-Ltd&ti=Web+Designer&vjs=3,Web Designer & Developer Internship,Cliquelog IT Solutions Pvt. Ltd,"Hyderabad, Telangana","₹50,000 - ₹1,00,000 a year"
https://in.indeed.com/rc/clk?jk=d3ecd51db4176a07&bb=QVn-V_YJXyTEz3eI6y0slu_iYt7HG7w7wLyZLafmFEGjV3ZYM-LXAh8upgUrN_Ze8RMLgJ9zr5RlvMcuNVwTu1wioI8d_QYKem6w4bwQ93XcMcLbIKx4qtvVCF_UVNSm&xkcb=SoAM67M33aR7bMQAoR0BbzkdCdPP&fccid=f2fbe245772bab46&cmp=Projexino-solutions-pvt-ltd&ti=Full+Stack+Developer&vjs=3,Full Stack Web Developer,Projexino solutions pvt ltd,"Madhapur, Hyderabad, Telangana",Not available
https://in.indeed.com/rc/clk?jk=925b241e3649a4cc&bb=QVn-V_YJXyTEz3eI6y0slgDE6bhgtF7hZSziAAS3PLO0Uqv_wCcAC7MR95Kv0esHrCKrPySakA9tTk4L4yo-OvZJLuoUiDzKlaLGvaIQrSXpYfT2uid4ew%3D%3D&xkcb=SoC467M33aR7bMQAoR0AbzkdCdPP&fccid=d40ebe11fc879426&vjs=3,Interim Engineering Intern_2025_SW,Qualcomm,"Hyderabad, Telangana",Not available
https://in.indeed.com/rc/clk?jk=501f9cfff99093fe&bb=QVn-V_YJXyTEz3eI6y0slryMW0Pe5ZT5LMQv-3Rezn1gsbd53fNloEIvLEQvU7r39SXrXL3g31B0M3jRYzdWPj3I-v1-HkFEXVorOo-8v6gE01rMvHeK0mA_V0FNfUb9&xkcb=SoA267M33aR7bMQAoR0HbzkdCdPP&fccid=0e6231cd3bd66cee&cmp=Vaarahi-Visionaries-Pvt-Ltd&ti=.NET+Developer&vjs=3,.NET Developer with WPF Expertise,Vaarahi Visionaries Pvt Ltd,"Remote in Hyderabad, Telangana",Not available
https://in.indeed.com/rc/clk?jk=031a5998bd4979e0&bb=QVn-V_YJXyTEz3eI6y0slqeqjVn4vjq0qFMwD-FwgOeJFRm9OEGXi4B5oN_UOzehOZ3D862X708QKmIYfBdV7743a1d3pSVWlpG0rBmsTqon5T88NQhIP6r2IYmVS5ZR&xkcb=SoCC67M33aR7bMQAoR0GbzkdCdPP&fccid=91a5dabff0bcdf36&cmp=SayPrint&ti=Full+Stack+Developer&vjs=3,Full Stack Developer (MERN),SayPrint,"Hyderabad, Telangana",Not available
https://in.indeed.com/rc/clk?jk=687943272df0054f&bb=QVn-V_YJXyTEz3eI6y0slgphcdFiksudMrlQVDH9DcO_IB0kTQbiEGXf0udSzdsVwIZlzEJZaX7x7rb7G9ERxJv4RuLqQTSVTWTO5zlsrcntGA_LgxdQNQNKJUgA19hQ&xkcb=SoAf67M33aR7bMQAoR0FbzkdCdPP&fccid=8ff96626c2927d80&cmp=sreyam-it-solutions&ti=Ux%2Fui+Developer&vjs=3,UI/UX Developer- Training and Intern,Sreyam IT Solutions,"KPHB Colony, Hyderabad, Telangana","From ₹5,000 a month"
